Workbook

Sheet Tong quan
A1: BÁO CÁO TEST CASE DEVLEARNINGHUB API
A3: Project | B3: DevLearningHub.Test
A4: Ngày test | B4: 2026-07-02 15:23:20 +07:00
A5: Lệnh test | B5: dotnet test DevLearningHub.Test\DevLearningHub.Test.csproj --no-restore
A6: Tổng số test | B6: =COUNTA('Test cases'!A:A)-1
A7: Số test đã pass | B7: =COUNTIF('Test cases'!J:J,"Pass")
A8: Số test fail | B8: =COUNTIF('Test cases'!J:J,"Fail")
A9: Số test skipped | B9: =COUNTIF('Test cases'!J:J,"Skipped")
A10: Tỷ lệ pass | B10: =IF(B6=0,0,B7/B6)
A11: Kết luận | B11: Tất cả test hiện tại đã pass
A14: Ghi chú
A15: Báo cáo được tạo tự động từ các test [Fact] trong DevLearningHub.Test và kết quả chạy test gần nhất.

Sheet Test cases
A1: STT | B1: File | C1: Class | D1: Test case | E1: Loai test | F1: Nhom API | G1: Endpoint/Chuc nang | H1: Mo ta | I1: Test cai gi | J1: Ket qua | K1: Ngay test
A2: 1 | B2: AdminApiTests.cs | C2: AdminApiTests | D2: GetPermissionCatalog_WithViewPermission_ShouldReturnGroupedPermissions | E2: Integration API - Phân quyền/Xác thực | F2: Admin Permissions/Audit | G2: api/admin/permissions, api/admin/users/{id}/management, api/admin/audit-logs | H2: Kiểm tra get permission catalog khi with view permission thì should return grouped permissions. | I2: API trả dữ liệu truy vấn/tổng hợp đúng | J2: Pass | K2: 2026-07-02
A3: 2 | B3: AdminApiTests.cs | C3: AdminApiTests | D3: SetUserPermissions_WithGrantDenyInherit_ShouldUpdateEffectivePermissionsAndAudit | E3: Integration API - Phân quyền/Xác thực | F3: Admin Permissions/Audit | G3: api/admin/permissions, api/admin/users/{id}/management, api/admin/audit-logs | H3: Kiểm tra set user permissions khi with grant deny inherit thì should update effective permissions and audit. | I3: API cập nhật dữ liệu đúng | J3: Pass | K3: 2026-07-02
A4: 3 | B4: AdminApiTests.cs | C4: AdminApiTests | D4: SaveUserManagement_WithRoleAndPermissions_ShouldReplaceRoleAndOverrides | E4: Integration API - Phân quyền/Xác thực | F4: Admin Permissions/Audit | G4: api/admin/permissions, api/admin/users/{id}/management, api/admin/audit-logs | H4: Kiểm tra save user management khi with role and permissions thì should replace role and overrides. | I4: API cập nhật dữ liệu đúng | J4: Pass | K4: 2026-07-02
A5: 4 | B5: AdminApiTests.cs | C5: AdminApiTests | D5: ForceLogout_WithEditRolePermission_ShouldDeleteRefreshTokens | E5: Integration API - Phân quyền/Xác thực | F5: Admin Permissions/Audit | G5: api/admin/permissions, api/admin/users/{id}/management, api/admin/audit-logs | H5: Kiểm tra buộc đăng xuất khi with edit role permission thì should delete refresh tokens. | I5: API thay đổi trạng thái và side effect đúng | J5: Pass | K5: 2026-07-02
A6: 5 | B6: AdminApiTests.cs | C6: AdminApiTests | D6: GetAuditLogs_WithFilters_ShouldReturnMatchingLogsAndActions | E6: Integration API - Query/Read | F6: Admin Permissions/Audit | G6: api/admin/permissions, api/admin/users/{id}/management, api/admin/audit-logs | H6: Kiểm tra get audit logs khi with filters thì should return matching logs and actions. | I6: API trả dữ liệu truy vấn/tổng hợp đúng | J6: Pass | K6: 2026-07-02
A7: 6 | B7: AuthApiTests.cs | C7: AuthApiTests | D7: Register_WithValidData_ShouldReturnOkAndToken | E7: Integration API - Phân quyền/Xác thực | F7: Auth | G7: api/auth | H7: Kiểm tra đăng ký khi with valid data thì should return ok and token. | I7: API tạo/gán dữ liệu đúng | J7: Pass | K7: 2026-07-02
A8: 7 | B8: AuthApiTests.cs | C8: AuthApiTests | D8: Register_WithValidData_ShouldAssignDefaultUserRole | E8: Integration API - Phân quyền/Xác thực | F8: Auth | G8: api/auth | H8: Kiểm tra đăng ký khi with valid data thì should assign default user role. | I8: API tạo/gán dữ liệu đúng | J8: Pass | K8: 2026-07-02
A9: 8 | B9: AuthApiTests.cs | C9: AuthApiTests | D9: Register_WithDuplicateUsernameOrEmail_ShouldReturnConflict | E9: Integration API - Validation/Lỗi | F9: Auth | G9: api/auth | H9: Kiểm tra đăng ký khi with duplicate username or email thì should return conflict. | I9: API xử lý dữ liệu trùng lặp; API tạo/gán dữ liệu đúng | J9: Pass | K9: 2026-07-02
A10: 9 | B10: AuthApiTests.cs | C10: AuthApiTests | D10: Login_WithCorrectUsernameOrEmailAndPassword_ShouldReturnOkAndToken | E10: Integration API - Phân quyền/Xác thực | F10: Auth | G10: api/auth | H10: Kiểm tra đăng nhập khi with correct username or email and password thì should return ok and token. | I10: Hành vi nghiệp vụ nhóm Auth | J10: Pass | K10: 2026-07-02
A11: 10 | B11: AuthApiTests.cs | C11: AuthApiTests | D11: Login_WithIncorrectPasswordOrUsername_ShouldReturnUnauthorized | E11: Integration API - Phân quyền/Xác thực | F11: Auth | G11: api/auth | H11: Kiểm tra đăng nhập khi with incorrect password or username thì should return unauthorized. | I11: API từ chối request thiếu token | J11: Pass | K11: 2026-07-02
A12: 11 | B12: AuthApiTests.cs | C12: AuthApiTests | D12: Refresh_WithValidRefreshToken_ShouldReturnOkAndNewTokens | E12: Integration API - Phân quyền/Xác thực | F12: Auth | G12: api/auth | H12: Kiểm tra làm mới token khi with valid refresh token thì should return ok and new tokens. | I12: Hành vi nghiệp vụ nhóm Auth | J12: Pass | K12: 2026-07-02
A13: 12 | B13: AuthApiTests.cs | C13: AuthApiTests | D13: Refresh_WithOldRefreshTokenAfterRotation_ShouldReturnUnauthorized | E13: Integration API - Phân quyền/Xác thực | F13: Auth | G13: api/auth | H13: Kiểm tra làm mới token khi with old refresh token after rotation thì should return unauthorized. | I13: API từ chối request thiếu token | J13: Pass | K13: 2026-07-02
... A90: 89 | B90: UsersApiTests.cs | C90: UsersApiTests | D90: Lock_WithAdminTokenAndSelfUser_ShouldReturnBadRequest | E90: Integration API - Phân quyền/Xác thực | F90: User/Admin User | G90: api/users, api/admin/users | H90: Kiểm tra khóa tài khoản khi with admin token and self user thì should return bad request. | I90: API validate input lỗi; API thay đổi trạng thái và side effect đúng | J90: Pass | K90: 2026-07-02

Sheet Tong hop nhom
A1: Nhom API | B1: Tong test | C1: Pass | D1: Fail | E1: Skipped | F1: Ty le pass
A2: Admin Permissions/Audit | B2: =COUNTIF('Test cases'!F:F,A2) | C2: =COUNTIFS('Test cases'!F:F,A2,'Test cases'!J:J,"Pass") | D2: =COUNTIFS('Test cases'!F:F,A2,'Test cases'!J:J,"Fail") | E2: =COUNTIFS('Test cases'!F:F,A2,'Test cases'!J:J,"Skipped") | F2: =IF(B2=0,0,C2/B2)
A3: Auth | B3: =COUNTIF('Test cases'!F:F,A3) | C3: =COUNTIFS('Test cases'!F:F,A3,'Test cases'!J:J,"Pass") | D3: =COUNTIFS('Test cases'!F:F,A3,'Test cases'!J:J,"Fail") | E3: =COUNTIFS('Test cases'!F:F,A3,'Test cases'!J:J,"Skipped") | F3: =IF(B3=0,0,C3/B3)
A4: Catalog/Roadmaps | B4: =COUNTIF('Test cases'!F:F,A4) | C4: =COUNTIFS('Test cases'!F:F,A4,'Test cases'!J:J,"Pass") | D4: =COUNTIFS('Test cases'!F:F,A4,'Test cases'!J:J,"Fail") | E4: =COUNTIFS('Test cases'!F:F,A4,'Test cases'!J:J,"Skipped") | F4: =IF(B4=0,0,C4/B4)
A5: Code Playground | B5: =COUNTIF('Test cases'!F:F,A5) | C5: =COUNTIFS('Test cases'!F:F,A5,'Test cases'!J:J,"Pass") | D5: =COUNTIFS('Test cases'!F:F,A5,'Test cases'!J:J,"Fail") | E5: =COUNTIFS('Test cases'!F:F,A5,'Test cases'!J:J,"Skipped") | F5: =IF(B5=0,0,C5/B5)
A6: Forum Posts/Comments | B6: =COUNTIF('Test cases'!F:F,A6) | C6: =COUNTIFS('Test cases'!F:F,A6,'Test cases'!J:J,"Pass") | D6: =COUNTIFS('Test cases'!F:F,A6,'Test cases'!J:J,"Fail") | E6: =COUNTIFS('Test cases'!F:F,A6,'Test cases'!J:J,"Skipped") | F6: =IF(B6=0,0,C6/B6)
A7: Notifications | B7: =COUNTIF('Test cases'!F:F,A7) | C7: =COUNTIFS('Test cases'!F:F,A7,'Test cases'!J:J,"Pass") | D7: =COUNTIFS('Test cases'!F:F,A7,'Test cases'!J:J,"Fail") | E7: =COUNTIFS('Test cases'!F:F,A7,'Test cases'!J:J,"Skipped") | F7: =IF(B7=0,0,C7/B7)
A8: Problem Banks | B8: =COUNTIF('Test cases'!F:F,A8) | C8: =COUNTIFS('Test cases'!F:F,A8,'Test cases'!J:J,"Pass") | D8: =COUNTIFS('Test cases'!F:F,A8,'Test cases'!J:J,"Fail") | E8: =COUNTIFS('Test cases'!F:F,A8,'Test cases'!J:J,"Skipped") | F8: =IF(B8=0,0,C8/B8)
A9: Quiz Questions/Topics/Roadmaps | B9: =COUNTIF('Test cases'!F:F,A9) | C9: =COUNTIFS('Test cases'!F:F,A9,'Test cases'!J:J,"Pass") | D9: =COUNTIFS('Test cases'!F:F,A9,'Test cases'!J:J,"Fail") | E9: =COUNTIFS('Test cases'!F:F,A9,'Test cases'!J:J,"Skipped") | F9: =IF(B9=0,0,C9/B9)
A10: Quiz Sessions/Progress | B10: =COUNTIF('Test cases'!F:F,A10) | C10: =COUNTIFS('Test cases'!F:F,A10,'Test cases'!J:J,"Pass") | D10: =COUNTIFS('Test cases'!F:F,A10,'Test cases'!J:J,"Fail") | E10: =COUNTIFS('Test cases'!F:F,A10,'Test cases'!J:J,"Skipped") | F10: =IF(B10=0,0,C10/B10)
A11: Quiz Sets | B11: =COUNTIF('Test cases'!F:F,A11) | C11: =COUNTIFS('Test cases'!F:F,A11,'Test cases'!J:J,"Pass") | D11: =COUNTIFS('Test cases'!F:F,A11,'Test cases'!J:J,"Fail") | E11: =COUNTIFS('Test cases'!F:F,A11,'Test cases'!J:J,"Skipped") | F11: =IF(B11=0,0,C11/B11)
A12: Reports Management | B12: =COUNTIF('Test cases'!F:F,A12) | C12: =COUNTIFS('Test cases'!F:F,A12,'Test cases'!J:J,"Pass") | D12: =COUNTIFS('Test cases'!F:F,A12,'Test cases'!J:J,"Fail") | E12: =COUNTIFS('Test cases'!F:F,A12,'Test cases'!J:J,"Skipped") | F12: =IF(B12=0,0,C12/B12)
A13: Reports/Notifications | B13: =COUNTIF('Test cases'!F:F,A13) | C13: =COUNTIFS('Test cases'!F:F,A13,'Test cases'!J:J,"Pass") | D13: =COUNTIFS('Test cases'!F:F,A13,'Test cases'!J:J,"Fail") | E13: =COUNTIFS('Test cases'!F:F,A13,'Test cases'!J:J,"Skipped") | F13: =IF(B13=0,0,C13/B13)
A14: User/Admin User | B14: =COUNTIF('Test cases'!F:F,A14) | C14: =COUNTIFS('Test cases'!F:F,A14,'Test cases'!J:J,"Pass") | D14: =COUNTIFS('Test cases'!F:F,A14,'Test cases'!J:J,"Fail") | E14: =COUNTIFS('Test cases'!F:F,A14,'Test cases'!J:J,"Skipped") | F14: =IF(B14=0,0,C14/B14)
